{"name":"e2e1cdff-4ed0-4144-bbc1-de056c260c71","id":"/providers/Microsoft.Flow/flows/e2e1cdff-4ed0-4144-bbc1-de056c260c71","type":"Microsoft.Flow/flows","properties":{"apiId":"/providers/Microsoft.PowerApps/apis/shared_logicflows","displayName":"Excel to sharepoint","definition":{"metadata":{"workflowEntityId":null,"processAdvisorMetadata":null,"flowChargedByPaygo":null,"flowclientsuspensionreason":"None","flowclientsuspensiontime":null,"flowclientsuspensionreasondetails":null,"creator":{"id":"f3b4640d-54d7-4a11-9584-55c847401ca2","type":"User","tenantId":"2426eed1-83a3-4eb9-9a8a-24984b93861f"},"provisioningMethod":"FromDefinition","failureAlertSubscription":true,"clientLastModifiedTime":"2025-01-26T12:49:47.8553406Z","connectionKeySavedTimeKey":"2025-01-26T12:49:47.8553406Z"},"$schema":"https://schema.management.azure.com/providers/Microsoft.Logic/schemas/2016-06-01/workflowdefinition.json#","contentVersion":"undefined","parameters":{"$connections":{"defaultValue":{},"type":"Object"},"$authentication":{"defaultValue":{},"type":"SecureObject"}},"triggers":{"manual":{"metadata":{"operationMetadataId":"b25fc897-c99f-41c8-95b7-17376e68ce69"},"type":"Request","kind":"Button","inputs":{"schema":{"type":"object","properties":{},"required":[]}}}},"actions":{"Initialize_variable":{"runAfter":{},"metadata":{"operationMetadataId":"e399a474-0df6-4be9-a8d8-4d98e0ef8fd8"},"type":"InitializeVariable","inputs":{"variables":[{"name":"CountArray","type":"array","value":[500,1000,1500,2000,2500,3000,3500,4000,4500,5000,5500,6000,6500,7000,7500,8000,8500,9000,9500,10000,10500]}]}},"Apply_to_each_2":{"foreach":"@variables('CountArray')","actions":{"Compose":{"runAfter":{"Compose_2":["Succeeded"]},"metadata":{"operationMetadataId":"2649a0d4-1ae2-4df9-8ad9-fed25d9cb7b4"},"type":"Compose","inputs":"@length(outputs('List_rows_present_in_a_table_2')?['body/value'])"},"Apply_to_each":{"foreach":"@body('Filter_array')","actions":{"Get_items":{"runAfter":{},"metadata":{"operationMetadataId":"5f5bf047-c924-4d15-a073-e65c594e0b03"},"type":"OpenApiConnection","inputs":{"host":{"apiId":"/providers/Microsoft.PowerApps/apis/shared_sharepointonline","connectionName":"shared_sharepointonline","operationId":"GetItems"},"parameters":{"dataset":"https://8xxv08.sharepoint.com/sites/Project1","table":"30f2a598-6b9b-445b-a862-18e4323d2fce","$filter":"Title eq '@{items('Apply_to_each')?['MasterCode']}'","$top":1},"authentication":{"value":"@json(decodeBase64(triggerOutputs().headers['X-MS-APIM-Tokens']))['$ConnectionKey']","type":"Raw"}}},"Condition":{"actions":{},"runAfter":{"Get_items":["Succeeded"]},"else":{"actions":{"Create_item":{"runAfter":{},"metadata":{"operationMetadataId":"fd7453b0-cce7-4275-8aa5-8ce3d30d61e6"},"type":"OpenApiConnection","inputs":{"host":{"apiId":"/providers/Microsoft.PowerApps/apis/shared_sharepointonline","connectionName":"shared_sharepointonline","operationId":"PostItem"},"parameters":{"dataset":"https://8xxv08.sharepoint.com/sites/Project1","table":"30f2a598-6b9b-445b-a862-18e4323d2fce","item/Title":"@items('Apply_to_each')?['MasterCode']","item/TradeName":"@items('Apply_to_each')?['Trade Name']"},"authentication":{"value":"@json(decodeBase64(triggerOutputs().headers['X-MS-APIM-Tokens']))['$ConnectionKey']","type":"Raw"}}}}},"expression":{"greater":["@length(outputs('Get_items')?['body/value'])",0]},"metadata":{"operationMetadataId":"fdec0456-b1c2-49fd-ba1a-a1f4fc11ef3f"},"type":"If"}},"runAfter":{"Compose":["Succeeded"]},"metadata":{"operationMetadataId":"7de5989e-a17a-43a7-ae10-9b1ebe730122"},"type":"Foreach","runtimeConfiguration":{"concurrency":{"repetitions":50}}},"Filter_array":{"runAfter":{"List_rows_present_in_a_table_2":["Succeeded"]},"metadata":{"operationMetadataId":"7e48f89a-0a06-48dd-be6e-d6e447c44177"},"type":"Query","inputs":{"from":"@outputs('List_rows_present_in_a_table_2')?['body/value']","where":"@equals(empty(item()?['Trade Name']), false)"}},"List_rows_present_in_a_table_2":{"runAfter":{},"metadata":{"01TCMVXOJUY2DX3EITGZEZ5IUEE3RDQWI6":"/MasterData.xlsx","tableId":"{5DC593F1-99F6-453A-BA0D-111E481F2857}","operationMetadataId":"a1bcc448-8109-4ecb-8942-237a943d0e2c"},"type":"OpenApiConnection","inputs":{"host":{"apiId":"/providers/Microsoft.PowerApps/apis/shared_excelonlinebusiness","connectionName":"shared_excelonlinebusiness","operationId":"GetItems"},"parameters":{"source":"groups/32423f49-ef56-481a-8447-099ee7b92dd9","drive":"b!jRYDE70Mq0qz1oH8vwLbsKOUmcQXQpBLlH1BibTecCs7l81RVsP5TZJEyrmtTKfJ","file":"01TCMVXOJUY2DX3EITGZEZ5IUEE3RDQWI6","table":"{5DC593F1-99F6-453A-BA0D-111E481F2857}","$skip":"@items('Apply_to_each_2')"},"authentication":{"value":"@json(decodeBase64(triggerOutputs().headers['X-MS-APIM-Tokens']))['$ConnectionKey']","type":"Raw"}}},"Compose_2":{"runAfter":{"Filter_array":["Succeeded"]},"metadata":{"operationMetadataId":"027a5361-511f-4940-bde3-15ac6e63ff77"},"type":"Compose","inputs":"@length(body('Filter_array'))"}},"runAfter":{"Initialize_variable":["Succeeded"]},"metadata":{"operationMetadataId":"075623ff-733d-41bc-adbb-7b96cebf6358"},"type":"Foreach","runtimeConfiguration":{"concurrency":{"repetitions":50}}}}},"connectionReferences":{"shared_sharepointonline":{"connectionName":"shared-sharepointonl-90cabe12-c766-41a8-ac26-158dca50d1fe","source":"Invoker","id":"/providers/Microsoft.PowerApps/apis/shared_sharepointonline","tier":"NotSpecified","apiName":"sharepointonline"},"shared_excelonlinebusiness":{"connectionName":"shared-excelonlinebu-3ba118c7-0b76-4f4b-81b6-d1d390ce63e6","source":"Invoker","id":"/providers/Microsoft.PowerApps/apis/shared_excelonlinebusiness","tier":"NotSpecified","apiName":"excelonlinebusiness"}},"flowFailureAlertSubscribed":false,"isManaged":false}}